{"Generation Loss (CE)": 12439.86328125, "_timestamp": 1715869852.5225656, "_runtime": 155.1864595413208, "_step": 44, "MAE Train Loss": 1.2919687032699585, "MAE Vailid Loss": 0.20718495547771454, "_wandb": {"runtime": 154}}