{"Generation Loss (CE)": 40780.2578125, "_timestamp": 1715879256.3489726, "_runtime": 6474.425566673279, "_step": 620, "MAE Train Loss": 3.6902174949645996, "MAE Vailid Loss": 0.0, "_wandb": {"runtime": 6477}}