{"Generation Loss (CE)": 40871.75, "_timestamp": 1715877534.7748296, "_runtime": 4752.851423740387, "_step": 451, "MAE Train Loss": 3.6902174949645996, "MAE Vailid Loss": 0.0}