{"Generation Loss (CE)": 42502.5078125, "_timestamp": 1715870702.6636848, "_runtime": 69.71534085273743, "_step": 2, "MAE Train Loss": 38.25033950805664, "MAE Vailid Loss": 2.3227100372314453, "_wandb": {"runtime": 106}}