{"Generation Loss (CE)": 63409.11328125, "_timestamp": 1715877533.7940843, "_runtime": 1772.2428653240204, "_step": 134, "MAE Train Loss": 1.2619768381118774, "MAE Vailid Loss": 0.057746123522520065}